Rk,Squad,MP,W,D,L,GF,GA,GD,Pts,Pts/MP,Season
1,Chelsea,38,30,3,5,85,33,52,93,2.45,2016-17
2,Tottenham,38,26,8,4,86,26,60,86,2.26,2016-17
3,Man City,38,23,9,6,80,39,41,78,2.05,2016-17
4,Liverpool,38,22,10,6,78,42,36,76,2.0,2016-17
5,Arsenal,38,23,6,9,77,44,33,75,1.97,2016-17
6,Man United,38,18,15,5,54,29,25,69,1.82,2016-17
7,Everton,38,17,10,11,62,44,18,61,1.61,2016-17
8,Southampton,38,12,10,16,41,48,-7,46,1.21,2016-17
9,Bournemouth,38,12,9,17,55,67,-12,46,1.21,2016-17
10,West Brom,38,12,9,17,43,51,-8,45,1.18,2016-17
11,West Ham,38,12,9,17,47,64,-17,45,1.18,2016-17
12,Leicester City,38,12,8,18,48,63,-15,44,1.16,2016-17
13,Stoke City,38,11,9,18,41,56,-15,42,1.11,2016-17
14,Crystal Palace,38,12,5,21,50,63,-13,41,1.08,2016-17
15,Swansea City,38,12,5,21,45,70,-25,41,1.08,2016-17
16,Burnley,38,11,7,20,39,55,-16,40,1.05,2016-17
17,Watford,38,11,8,19,40,68,-28,40,1.05,2016-17
18,Hull City,38,9,7,22,37,80,-43,34,0.89,2016-17
19,Middlesbrough,38,5,13,20,27,53,-26,28,0.74,2016-17
20,Sunderland,38,6,6,26,29,69,-40,24,0.63,2016-17
1,Man City,38,32,4,2,106,27,79,100,2.63,2017-18
2,Man United,38,25,6,7,68,28,40,81,2.13,2017-18
3,Tottenham,38,23,8,7,74,36,38,77,2.03,2017-18
4,Liverpool,38,21,12,5,84,38,46,75,1.97,2017-18
5,Chelsea,38,21,7,10,62,38,24,70,1.84,2017-18
6,Arsenal,38,19,6,13,74,51,23,63,1.66,2017-18
7,Burnley,38,14,12,12,36,39,-3,54,1.42,2017-18
8,Everton,38,13,10,15,44,58,-14,49,1.29,2017-18
9,Leicester City,38,12,11,15,56,60,-4,47,1.24,2017-18
10,Newcastle,38,12,8,18,39,47,-8,44,1.16,2017-18
11,Crystal Palace,38,11,11,16,45,55,-10,44,1.16,2017-18
12,Bournemouth,38,11,11,16,45,61,-16,44,1.16,2017-18
13,West Ham,38,10,12,16,48,68,-20,42,1.11,2017-18
14,Watford,38,11,8,19,44,64,-20,41,1.08,2017-18
15,Brighton,38,9,9,20,34,54,-20,36,0.95,2017-18
16,Huddersfield,38,9,10,19,28,58,-30,37,0.97,2017-18
17,Southampton,38,7,15,16,37,56,-19,36,0.95,2017-18
18,Swansea City,38,8,9,21,28,56,-28,33,0.87,2017-18
19,Stoke City,38,7,12,19,35,68,-33,33,0.87,2017-18
20,West Brom,38,6,13,19,31,56,-25,31,0.82,2017-18
1,Man City,38,32,2,4,95,23,72,98,2.58,2018-19
2,Liverpool,38,30,7,1,89,22,67,97,2.55,2018-19
3,Chelsea,38,21,9,8,63,39,24,72,1.89,2018-19
4,Tottenham,38,23,2,13,67,39,28,71,1.87,2018-19
5,Arsenal,38,21,7,10,73,51,22,70,1.84,2018-19
6,Man United,38,19,9,10,65,54,11,66,1.74,2018-19
7,Wolves,38,16,9,13,47,46,1,57,1.5,2018-19
8,Everton,38,15,9,14,54,46,8,54,1.42,2018-19
9,Leicester City,38,15,7,16,51,48,3,52,1.37,2018-19
10,West Ham,38,15,7,16,52,55,-3,52,1.37,2018-19
11,Watford,38,14,8,16,52,59,-7,50,1.32,2018-19
12,Crystal Palace,38,14,7,17,51,53,-2,49,1.29,2018-19
13,Newcastle,38,12,9,17,42,48,-6,45,1.18,2018-19
14,Bournemouth,38,13,6,19,56,70,-14,45,1.18,2018-19
15,Burnley,38,11,7,20,45,68,-23,40,1.05,2018-19
16,Southampton,38,9,12,17,45,65,-20,39,1.03,2018-19
17,Brighton,38,9,9,20,35,60,-25,36,0.95,2018-19
18,Cardiff City,38,10,4,24,34,69,-35,34,0.89,2018-19
19,Fulham,38,7,5,26,34,81,-47,26,0.68,2018-19
20,Huddersfield,38,3,7,28,22,76,-54,16,0.42,2018-19
1,Liverpool,38,32,3,3,85,33,52,99,2.61,2019-20
2,Man City,38,26,3,9,102,35,67,81,2.13,2019-20
3,Man United,38,18,12,8,66,36,30,66,1.74,2019-20
4,Chelsea,38,20,6,12,69,54,15,66,1.74,2019-20
5,Leicester City,38,18,8,12,67,41,26,62,1.63,2019-20
6,Tottenham,38,16,11,11,61,47,14,59,1.55,2019-20
7,Wolves,38,15,14,9,51,40,11,59,1.55,2019-20
8,Arsenal,38,14,14,10,56,48,8,56,1.47,2019-20
9,Sheffield United,38,14,12,12,39,39,0,54,1.42,2019-20
10,Burnley,38,15,9,14,43,50,-7,54,1.42,2019-20
11,Southampton,38,15,7,16,51,60,-9,52,1.37,2019-20
12,Everton,38,13,10,15,44,56,-12,49,1.29,2019-20
13,Newcastle,38,11,11,16,38,58,-20,44,1.16,2019-20
14,Crystal Palace,38,11,10,17,31,50,-19,43,1.13,2019-20
15,Brighton,38,9,14,15,39,54,-15,41,1.08,2019-20
16,West Ham,38,10,9,19,49,62,-13,39,1.03,2019-20
17,Aston Villa,38,9,8,21,41,67,-26,35,0.92,2019-20
18,Bournemouth,38,9,7,22,40,65,-25,34,0.89,2019-20
19,Watford,38,9,8,21,36,64,-28,34,0.89,2019-20
20,Norwich City,38,5,6,27,26,75,-49,21,0.55,2019-20
1,Man City,38,27,5,6,83,32,51,86,2.26,2020-21
2,Man United,38,21,11,6,73,44,29,74,1.95,2020-21
3,Liverpool,38,20,9,9,68,42,26,69,1.82,2020-21
4,Chelsea,38,19,10,9,58,36,22,67,1.76,2020-21
5,Leicester City,38,20,6,12,68,50,18,66,1.74,2020-21
6,West Ham,38,19,8,11,62,47,15,65,1.71,2020-21
7,Tottenham,38,18,8,12,68,45,23,62,1.63,2020-21
8,Arsenal,38,18,7,13,55,39,16,61,1.61,2020-21
9,Leeds United,38,18,5,15,62,54,8,59,1.55,2020-21
10,Everton,38,17,8,13,47,48,-1,59,1.55,2020-21
11,Aston Villa,38,16,7,15,55,46,9,55,1.45,2020-21
12,Newcastle,38,12,9,17,46,62,-16,45,1.18,2020-21
13,Wolves,38,12,9,17,36,52,-16,45,1.18,2020-21
14,Crystal Palace,38,12,8,18,41,66,-25,44,1.16,2020-21
15,Southampton,38,12,7,19,47,68,-21,43,1.13,2020-21
16,Brighton,38,9,14,15,40,46,-6,41,1.08,2020-21
17,Burnley,38,10,9,19,33,55,-22,39,1.03,2020-21
18,Fulham,38,5,13,20,27,53,-26,28,0.74,2020-21
19,West Brom,38,5,11,22,35,76,-41,26,0.68,2020-21
20,Sheffield United,38,7,2,29,20,63,-43,23,0.61,2020-21
1,Man City,38,29,6,3,99,26,73,93,2.45,2021-22
2,Liverpool,38,28,8,2,94,26,68,92,2.42,2021-22
3,Chelsea,38,21,11,6,76,33,43,74,1.95,2021-22
4,Tottenham,38,22,5,11,69,40,29,71,1.87,2021-22
5,Arsenal,38,22,3,13,61,48,13,69,1.82,2021-22
6,Man United,38,16,10,12,57,57,0,58,1.53,2021-22
7,West Ham,38,16,8,14,60,51,9,56,1.47,2021-22
8,Leicester City,38,14,9,15,62,59,3,51,1.34,2021-22
9,Brighton,38,12,15,11,42,44,-2,51,1.34,2021-22
10,Wolves,38,15,6,17,38,43,-5,51,1.34,2021-22
11,Newcastle,38,13,10,15,44,62,-18,49,1.29,2021-22
12,Crystal Palace,38,11,15,12,50,46,4,48,1.26,2021-22
13,Brentford,38,13,7,18,48,56,-8,46,1.21,2021-22
14,Aston Villa,38,13,5,20,52,71,-19,45,1.18,2021-22
15,Southampton,38,9,13,16,43,67,-24,40,1.05,2021-22
16,Everton,38,11,6,21,43,66,-23,39,1.03,2021-22
17,Leeds United,38,9,9,20,42,79,-37,38,1.0,2021-22
18,Burnley,38,7,14,17,34,53,-19,35,0.92,2021-22
19,Watford,38,6,7,25,34,77,-43,25,0.66,2021-22
20,Norwich City,38,5,7,26,23,84,-61,22,0.58,2021-22
1,Man City,38,28,5,5,94,33,61,89,2.34,2022-23
2,Arsenal,38,26,6,6,88,43,45,84,2.21,2022-23
3,Man United,38,23,6,9,58,43,15,75,1.97,2022-23
4,Newcastle,38,19,14,5,68,33,35,71,1.87,2022-23
5,Liverpool,38,19,10,9,75,47,28,67,1.76,2022-23
6,Brighton,38,18,6,14,72,53,19,62,1.63,2022-23
7,Aston Villa,38,18,7,13,51,46,5,61,1.61,2022-23
8,Tottenham,38,18,6,14,70,63,7,60,1.58,2022-23
9,Brentford,38,15,14,9,58,46,12,59,1.55,2022-23
10,Fulham,38,15,7,16,55,53,2,52,1.37,2022-23
11,Crystal Palace,38,11,12,15,40,49,-9,45,1.18,2022-23
12,Chelsea,38,11,11,16,38,47,-9,44,1.16,2022-23
13,Wolves,38,11,8,19,31,58,-27,41,1.08,2022-23
14,West Ham,38,11,10,17,42,55,-13,40,1.05,2022-23
15,Bournemouth,38,11,9,18,37,71,-34,39,1.03,2022-23
16,Nottm Forest,38,9,11,18,38,68,-30,38,1.0,2022-23
17,Everton,38,8,12,18,34,57,-23,36,0.95,2022-23
18,Leicester City,38,9,7,22,51,68,-17,34,0.89,2022-23
19,Leeds United,38,7,10,21,48,78,-30,31,0.82,2022-23
20,Southampton,38,6,7,25,36,73,-37,25,0.66,2022-23
1,Man City,38,28,7,3,96,34,62,91,2.39,2023-24
2,Arsenal,38,28,5,5,91,29,62,89,2.34,2023-24
3,Liverpool,38,24,8,6,86,41,45,82,2.16,2023-24
4,Aston Villa,38,20,8,10,76,61,15,68,1.79,2023-24
5,Tottenham,38,20,6,12,74,61,13,66,1.74,2023-24
6,Chelsea,38,18,9,11,77,63,14,63,1.66,2023-24
7,Newcastle,38,18,6,14,85,62,23,60,1.58,2023-24
8,Man United,38,18,6,14,57,58,-1,60,1.58,2023-24
9,West Ham,38,14,10,14,60,74,-14,52,1.37,2023-24
10,Crystal Palace,38,13,10,15,57,58,-1,49,1.29,2023-24
11,Brighton,38,12,14,12,55,62,-7,48,1.26,2023-24
12,Bournemouth,38,13,9,16,54,67,-13,48,1.26,2023-24
13,Fulham,38,13,8,17,55,61,-6,47,1.24,2023-24
14,Wolves,38,14,5,19,50,65,-15,46,1.21,2023-24
15,Everton,38,13,9,16,40,51,-11,48,1.26,2023-24
16,Brentford,38,10,9,19,56,65,-9,39,1.03,2023-24
17,Nottm Forest,38,9,9,20,49,67,-18,32,0.84,2023-24
18,Luton Town,38,6,7,25,52,85,-33,26,0.68,2023-24
19,Burnley,38,5,9,24,41,78,-37,24,0.63,2023-24
20,Sheffield United,38,3,7,28,35,104,-69,16,0.42,2023-24
1,Liverpool,38,25,9,4,84,39,45,84,2.21,2024-25
2,Arsenal,38,24,8,6,81,46,35,80,2.11,2024-25
3,Man City,38,23,7,8,76,48,28,76,2.0,2024-25
4,Chelsea,38,20,9,9,70,49,21,69,1.82,2024-25
5,Newcastle,38,19,10,9,68,47,21,67,1.76,2024-25
6,Aston Villa,38,19,8,11,64,57,7,65,1.71,2024-25
7,Nottm Forest,38,19,7,12,62,50,12,64,1.68,2024-25
8,Brighton,38,17,10,11,61,54,7,61,1.61,2024-25
9,Bournemouth,38,16,12,10,58,46,12,60,1.58,2024-25
10,Brentford,38,16,12,10,58,49,9,60,1.58,2024-25
11,Fulham,38,15,9,14,54,54,0,54,1.42,2024-25
12,Crystal Palace,38,15,8,15,53,53,0,53,1.39,2024-25
13,Everton,38,14,6,18,48,50,-2,48,1.26,2024-25
14,West Ham,38,12,11,15,43,59,-16,47,1.24,2024-25
15,Man United,38,12,6,20,42,52,-10,42,1.11,2024-25
16,Wolves,38,12,6,20,42,57,-15,42,1.11,2024-25
17,Tottenham,38,11,5,22,38,39,-1,38,1.0,2024-25
18,Leicester City,38,7,11,20,51,68,-17,32,0.84,2024-25
19,Ipswich Town,38,6,10,22,36,68,-32,28,0.74,2024-25
20,Southampton,38,3,6,29,28,88,-60,15,0.39,2024-25
1,Arsenal,26,17,6,3,50,18,32,57,2.19,2025-26
2,Man City,26,16,5,5,54,24,30,53,2.04,2025-26
3,Aston Villa,26,15,5,6,37,27,10,50,1.92,2025-26
4,Man United,26,12,9,5,47,37,10,45,1.73,2025-26
5,Chelsea,26,12,8,6,47,30,17,44,1.69,2025-26
6,Liverpool,26,12,6,8,41,35,6,42,1.62,2025-26
7,Brentford,26,12,4,10,40,35,5,40,1.54,2025-26
8,Everton,26,10,7,9,29,30,-1,37,1.42,2025-26
9,Bournemouth,26,9,10,7,43,45,-2,37,1.42,2025-26
10,Newcastle,26,10,6,10,37,37,0,36,1.38,2025-26
11,Sunderland,26,9,9,8,27,30,-3,36,1.38,2025-26
12,Fulham,26,10,4,12,35,40,-5,34,1.31,2025-26
13,Crystal Palace,26,8,8,10,28,32,-4,32,1.23,2025-26
14,Brighton,26,7,10,9,34,34,0,31,1.19,2025-26
15,Leeds United,26,7,9,10,36,45,-9,30,1.15,2025-26
16,Tottenham,26,7,8,11,36,37,-1,29,1.12,2025-26
17,Nottm Forest,26,7,6,13,25,38,-13,27,1.04,2025-26
18,West Ham,26,6,6,14,32,49,-17,24,0.92,2025-26
19,Burnley,26,4,6,16,28,51,-23,18,0.69,2025-26
20,Wolves,26,1,6,19,16,48,-32,9,0.35,2025-26
